comment_id,anonymous,year,alumni,job_title,comment_date,overall_score,curric_score,job_score,school_id,program_id,comment_month
231618,0,2017,1,Consultant,3/2/2017,5,4,5,10683,159,2017-03-31
231759,0,2014,1,NULL,10/6/2014,5,5,5,10505,35,2014-10-31
231872,0,2014,1,NULL,11/6/2014,5,5,5,10505,35,2014-11-30
231919,0,0,0,NULL,12/21/2014,5,5,5,10505,35,2014-12-31
231942,0,2014,1,NULL,12/29/2014,5,5,5,10505,35,2014-12-31
231943,0,2014,1,"Software Engineer",12/29/2014,5,5,5,10505,35,2014-12-31
231946,0,2014,1,"QA Engineer",12/30/2014,5,5,5,10505,35,2014-12-31
231947,0,0,0,NULL,12/30/2014,5,5,5,10505,35,2014-12-31
231952,0,2014,1,"Software Engineer",12/31/2014,5,5,5,10505,35,2014-12-31
232040,0,2018,1,NULL,7/22/2018,5,5,NULL,10505,35,2018-07-31
232294,0,2018,1,Accountant,10/24/2018,5,5,NULL,10761,96,2018-10-31
232383,0,2018,1,"Business Systems Analyst",6/8/2018,3,3,1,10761,159,2018-06-30
232436,0,2018,1,NULL,2/15/2019,5,5,5,10683,109,2019-02-28
232454,0,2018,1,Marketing,7/11/2018,5,4,NULL,11035,106,2018-07-31
232565,0,2015,1,NULL,8/10/2015,5,5,NULL,10761,159,2015-08-31
232620,0,2015,1,NULL,8/16/2015,5,NULL,NULL,10761,108,2015-08-31
232621,0,2015,1,NULL,8/16/2015,5,NULL,NULL,10505,35,2015-08-31
232631,0,2014,1,NULL,8/20/2015,5,NULL,NULL,10761,108,2015-08-31
232637,0,2015,1,NULL,8/24/2015,5,NULL,NULL,10761,108,2015-08-31
232686,0,2017,1,NULL,2/22/2017,5,5,5,10683,159,2017-02-28
232768,0,2015,1,NULL,8/31/2015,5,NULL,NULL,10505,35,2015-08-31
232861,0,2015,1,NULL,9/9/2015,4,NULL,NULL,10505,35,2015-09-30
232863,0,0,0,NULL,9/9/2015,2,NULL,NULL,10505,35,2015-09-30
232900,1,2018,1,NULL,3/25/2019,5,5,NULL,10683,109,2019-03-31
232982,0,2015,1,NULL,10/28/2015,5,NULL,NULL,10505,35,2015-10-31
232984,0,2015,1,NULL,10/29/2015,5,NULL,NULL,10505,35,2015-10-31
233001,0,2011,1,NULL,11/6/2015,5,NULL,NULL,10505,35,2015-11-30
233079,0,2015,1,NULL,11/27/2015,5,NULL,NULL,10505,35,2015-11-30
233148,0,2015,1,NULL,12/22/2015,5,NULL,NULL,10505,35,2015-12-31
233166,1,2018,1,"Web Developer",7/22/2018,5,5,5,10505,35,2018-07-31
233172,0,2015,1,NULL,1/6/2016,5,NULL,NULL,10505,35,2016-01-31
233265,1,2018,1,"Job seeker",5/2/2018,3,4,1,10761,159,2018-05-31
233325,0,2018,1,"Web Developer ",9/7/2018,5,5,5,10505,35,2018-09-30
233470,0,2015,1,NULL,3/28/2016,5,NULL,NULL,10505,35,2016-03-31
233477,1,2018,1,NULL,5/25/2018,5,5,NULL,10517,90,2018-05-31
233570,0,2018,1,NULL,9/7/2018,5,5,5,10505,35,2018-09-30
233588,0,2016,1,NULL,1/10/2017,1,3,5,10761,159,2017-01-31
233591,1,2018,1,NULL,12/6/2018,5,5,4,11035,55,2018-12-31
233610,0,2018,1,NULL,9/7/2018,5,5,5,10505,100,2018-09-30
233635,1,2017,1,"Operations Specialist",5/2/2018,4,4,3,10761,96,2018-05-31
233647,0,2018,1,"Customer Success Specialist",5/2/2018,4,4,3,10761,96,2018-05-31
233649,0,2018,1,"Data Analyst",7/22/2018,5,4,5,10505,35,2018-07-31
233665,0,2015,1,"Jr. System Administrator",5/8/2016,5,NULL,NULL,10505,35,2016-05-31
233673,0,2016,1,"Front End Development Manager",5/10/2016,5,NULL,NULL,10505,35,2016-05-31
233817,0,2014,1,"Sr. UX Designer",5/2/2018,4,4,NULL,10761,108,2018-05-31
233819,0,2017,1,Student,1/10/2017,5,5,NULL,10683,159,2017-01-31
233935,0,2016,1,"Owner/Creative Director",6/7/2016,5,NULL,NULL,10505,35,2016-06-30
234003,0,2018,1,NULL,9/7/2018,5,5,5,10505,35,2018-09-30
234035,0,2018,1,NULL,7/22/2018,5,5,5,10505,35,2018-07-31
234043,1,2017,1,NULL,5/2/2018,4,5,3,10761,96,2018-05-31
234113,0,2015,1,NULL,7/4/2016,4,NULL,NULL,10761,108,2016-07-31
234156,1,2017,1,Analyst,5/2/2018,4,4,3,10761,108,2018-05-31
234312,0,2016,1,"WEB DEVELOPER",7/28/2016,5,5,5,10505,35,2016-07-31
234322,0,2016,1,NULL,7/29/2016,5,5,3,10505,35,2016-07-31
234361,0,2016,1,NULL,8/9/2016,3,3,3,10761,108,2016-08-31
234538,0,2018,1,NULL,4/2/2018,5,5,5,11035,55,2018-04-30
234581,0,0,0,NULL,1/11/2017,5,5,NULL,10683,159,2017-01-31
234650,0,2018,1,"Owner &amp; Headhunter",5/27/2018,5,5,5,10698,107,2018-05-31
234658,0,2018,1,NULL,5/28/2018,5,4,2,10761,108,2018-05-31
234671,0,2017,1,NULL,5/28/2018,5,5,4,11035,55,2018-05-31
234689,0,2018,1,"Customer Experince ",4/23/2018,4,4,NULL,10761,108,2018-04-30
234692,0,2017,1,"Sr. Service Operations",5/2/2018,5,5,4,10761,96,2018-05-31
234791,0,2016,1,NULL,3/8/2017,5,5,5,10505,35,2017-03-31
234873,0,2017,1,Freelancer,5/25/2017,5,5,5,10683,159,2017-05-31
235009,0,0,0,"Scientist C",2/13/2017,4,4,4,10683,159,2017-02-28
235036,1,2015,1,NULL,5/2/2018,3,3,1,10761,159,2018-05-31
235040,0,2017,1,NULL,7/3/2017,5,5,5,10683,159,2017-07-31
235170,0,2016,1,"Sr Financial Analyst",5/2/2018,5,5,5,10761,96,2018-05-31
235242,0,2016,1,"Senior Engineer",6/13/2017,4,4,4,10683,159,2017-06-30
235297,0,0,0,student,2/28/2017,5,5,5,10683,159,2017-02-28
235298,0,2017,1,NULL,3/29/2017,4,5,4,10683,159,2017-03-31
235320,1,2016,1,NULL,5/2/2018,1,1,NULL,10761,108,2018-05-31
235328,0,2017,1,NULL,5/2/2018,5,4,1,10761,159,2018-05-31
235334,1,2016,1,"Technology PHD student",5/2/2018,4,4,4,10761,96,2018-05-31
235353,0,2016,1,"Software Developer",3/8/2017,5,5,5,10505,35,2017-03-31
235394,0,2018,1,NULL,9/7/2018,5,5,NULL,10505,35,2018-09-30
235432,0,2017,1,NULL,3/20/2017,5,5,NULL,10683,159,2017-03-31
235560,1,2018,1,NULL,4/4/2018,5,5,5,11035,55,2018-04-30
235649,1,2016,1,SDET,5/2/2018,5,5,NULL,10761,108,2018-05-31
235674,0,2016,1,"Quality Assurance Analyst",7/1/2017,5,4,4,10505,100,2017-07-31
235769,0,2017,1,Student,4/23/2017,5,5,NULL,10683,159,2017-04-30
235778,0,2018,1,NULL,7/4/2018,4,3,NULL,10505,100,2018-07-31
235790,0,2017,1,NULL,4/4/2018,5,5,5,11035,55,2018-04-30
235835,1,2017,1,NULL,4/27/2017,5,5,NULL,10761,159,2017-04-30
235939,0,2018,1,NULL,8/28/2018,5,5,5,11035,55,2018-08-31
235945,0,2016,1,"Full Stack Web Developer",5/5/2017,5,5,3,10505,35,2017-05-31
236004,0,2018,1,"VP, Creative",5/2/2018,4,1,3,10761,96,2018-05-31
236005,0,2016,1,"Data Scientist",5/2/2018,5,5,4,10761,159,2018-05-31
236094,0,2018,1,NULL,6/25/2018,5,5,1,10517,90,2018-06-30
236124,0,2017,1,NULL,5/19/2017,5,5,5,10571,96,2017-05-31
236213,0,2017,1,NULL,5/24/2017,5,5,5,10571,96,2017-05-31
236299,1,2017,1,"Data leader ",5/2/2018,2,3,3,10761,159,2018-05-31
236344,0,2017,1,"Business Development",6/3/2017,5,5,5,10571,96,2017-06-30
236426,0,2017,1,"PhD Student",1/17/2017,5,5,4,10683,159,2017-01-31
236434,0,2016,1,NULL,2/5/2017,5,4,2,10683,159,2017-02-28
236496,0,2015,1,"Data Analyst",6/16/2017,5,5,5,10683,159,2017-06-30
236525,0,2017,1,Student,6/19/2017,5,5,5,10683,159,2017-06-30
236564,0,2018,1,NULL,4/5/2018,5,5,5,10505,35,2018-04-30
236565,0,2017,1,NULL,4/5/2017,5,5,5,10761,159,2017-04-30
236590,0,2018,1,NULL,4/6/2018,5,5,4,10505,35,2018-04-30
236618,0,2016,1,Designer,6/28/2017,5,5,5,10761,108,2017-06-30
236635,0,2016,1,"Application Engineer",6/30/2017,5,5,5,10505,35,2017-06-30
236637,0,2016,1,Developer,6/30/2017,5,5,5,10505,35,2017-06-30
236645,1,2015,1,NULL,6/30/2017,4,4,3,10505,100,2017-06-30
236658,0,2015,1,"Software Engineer",7/3/2017,5,5,5,10505,100,2017-07-31
236659,0,2017,1,NULL,7/2/2017,5,5,NULL,10683,159,2017-07-31
236668,0,2017,1,NULL,4/6/2018,5,5,5,11035,55,2018-04-30
236709,0,2016,1,NULL,7/7/2017,5,4,5,10505,100,2017-07-31
236717,0,2017,1,CEO,7/8/2017,5,5,NULL,10698,107,2017-07-31
236721,0,2018,1,Genius,6/24/2018,5,5,5,11118,159,2018-06-30
236766,0,2016,1,"Drilling Engineer",4/20/2017,5,NULL,NULL,10683,159,2017-04-30
236804,0,2016,1,"Support Engineer",7/13/2017,5,5,5,10505,100,2017-07-31
236822,0,2017,1,Student,7/22/2017,5,5,5,10683,159,2017-07-31
236837,1,2017,1,Manager,7/17/2017,4,4,5,10698,107,2017-07-31
236839,1,2017,1,"office worker",7/17/2017,5,5,4,10683,159,2017-07-31
236842,0,2018,1,NULL,2/20/2019,4,4,4,11035,55,2019-02-28
236846,0,2016,1,"software engineer",7/21/2017,5,5,5,10505,35,2017-07-31
236903,0,2017,1,NULL,7/21/2017,5,5,4,10683,159,2017-07-31
236919,0,2016,1,NULL,7/23/2017,5,5,3,10505,100,2017-07-31
236955,0,2017,1,"Data Scientist intern at Shell",5/16/2018,5,5,5,11035,55,2018-05-31
236966,0,2017,1,NULL,7/27/2017,5,5,5,10698,107,2017-07-31
237005,1,2017,1,"Pricing actuary",7/30/2017,5,5,4,10683,159,2017-07-31
237079,0,2017,1,"Operations Manager",8/3/2017,5,5,5,10761,108,2017-08-31
237107,1,2017,1,NULL,8/7/2017,5,5,5,10761,96,2017-08-31
237195,0,2017,1,"Analytics Manager",8/16/2017,5,5,5,10683,159,2017-08-31
237196,0,2018,1,NULL,6/26/2018,4,4,5,10761,159,2018-06-30
237204,0,2017,1,NULL,11/19/2017,5,5,5,10505,35,2017-11-30
237276,0,2018,1,NULL,11/14/2018,5,5,5,11035,55,2018-11-30
237290,0,2016,1,"Ph.D. student",8/20/2017,5,5,5,10683,159,2017-08-31
237416,1,2017,1,NULL,8/30/2017,5,5,5,10683,159,2017-08-31
237464,0,2017,1,NULL,8/28/2017,5,5,4,10683,159,2017-08-31
237576,1,2017,1,NULL,5/3/2018,4,5,3,10761,108,2018-05-31
237690,1,2017,1,NULL,12/10/2017,5,5,5,10505,100,2017-12-31
237716,0,2017,1,"software engineer in test",12/12/2017,5,5,4,10505,35,2017-12-31
237988,1,2017,1,NULL,9/17/2017,5,5,5,10505,100,2017-09-30
238027,1,2017,1,NULL,9/19/2017,5,5,5,10505,100,2017-09-30
238101,1,2017,1,NULL,10/2/2017,5,5,NULL,10517,90,2017-10-31
238138,0,2017,1,Student,7/10/2017,5,5,NULL,10698,107,2017-07-31
238140,0,2017,1,"Innovation Consultant",7/12/2017,5,5,5,10698,107,2017-07-31
238165,0,2018,1,NULL,11/17/2018,4,4,4,10505,35,2018-11-30
238179,1,2018,1,"Software Support Specialist",4/24/2018,5,4,4,10505,100,2018-04-30
238379,0,2017,1,"Intelligence Analyst",9/28/2017,5,NULL,NULL,10517,90,2017-09-30
238577,1,2017,1,NULL,10/9/2017,5,5,4,10683,159,2017-10-31
238761,0,2017,1,NULL,10/13/2017,5,5,5,11035,106,2017-10-31
238945,0,2017,1,NULL,10/22/2017,5,5,4,10505,35,2017-10-31
239013,0,2018,1,"Agile &amp; Lean Practitioner",10/23/2018,5,5,5,10698,107,2018-10-31
239018,0,2017,1,NULL,10/22/2017,5,5,5,10505,35,2017-10-31
239049,0,2018,1,NULL,4/9/2018,5,5,4,11035,55,2018-04-30
239144,0,2018,1,NULL,4/8/2018,5,5,NULL,10505,35,2018-04-30
239169,0,2018,1,"Software Dev",4/6/2018,5,5,5,10505,35,2018-04-30
239228,1,2017,1,NULL,10/30/2017,5,5,5,10683,159,2017-10-31
239456,0,2018,1,"Software Develper",8/2/2018,5,5,5,10517,90,2018-08-31
239470,1,2018,1,"web dev",5/18/2018,5,5,5,10505,35,2018-05-31
239491,0,2018,1,NULL,5/18/2018,5,5,5,10505,35,2018-05-31
239516,1,2018,1,NULL,8/2/2018,5,4,4,10517,90,2018-08-31
239517,0,2018,1,"Senior Accountant",5/18/2018,5,5,5,10505,35,2018-05-31
239559,0,2018,1,"full stack web developer",5/18/2018,5,5,4,10505,35,2018-05-31
239584,0,2018,1,NULL,5/18/2018,5,5,5,10505,35,2018-05-31
239598,1,2017,1,NULL,11/15/2017,1,1,1,10761,108,2017-11-30
239610,1,2018,1,NULL,5/18/2018,5,5,5,10505,35,2018-05-31
239763,0,2018,1,NULL,5/18/2018,5,4,NULL,10505,35,2018-05-31
239775,1,2018,1,NULL,5/18/2018,5,5,5,10505,35,2018-05-31
239785,0,2018,1,Developer,5/18/2018,5,5,5,10505,100,2018-05-31
239804,0,2017,1,"Sr. Manager",7/18/2017,5,5,5,10698,107,2017-07-31
239805,0,2017,1,NULL,11/17/2017,5,5,5,10698,107,2017-11-30
239809,1,2017,1,NULL,11/20/2017,5,5,4,10505,35,2017-11-30
239896,0,2017,1,Economist,5/11/2018,5,5,5,11035,55,2018-05-31
239897,0,2018,1,NULL,5/18/2018,5,NULL,NULL,10505,100,2018-05-31
239923,0,2017,1,NULL,11/22/2017,5,5,5,11035,55,2017-11-30
239925,1,2018,1,NULL,5/18/2018,5,4,NULL,10505,100,2018-05-31
239930,0,2018,1,"App Support",5/18/2018,5,5,5,10505,35,2018-05-31
239983,1,2018,1,Transporter,5/11/2018,5,4,NULL,10761,96,2018-05-31
240072,0,2017,1,Mineralogist,11/29/2017,5,5,4,10571,159,2017-11-30
240086,0,2017,1,NULL,11/29/2017,5,5,5,10505,35,2017-11-30
240097,0,2017,1,NULL,11/30/2017,5,5,5,10505,35,2017-11-30
240101,0,2017,1,"Software Engineer",11/30/2017,5,5,4,10505,35,2017-11-30
240213,0,2018,1,"Software Army",5/30/2018,4,4,NULL,10517,90,2018-05-31
240218,0,2017,1,"Software Developer",12/4/2017,5,5,5,10505,35,2017-12-31
240275,0,2017,1,"Associate XP Developer",12/4/2017,5,5,4,10505,35,2017-12-31
240371,0,2017,1,NULL,12/6/2017,5,5,5,11035,55,2017-12-31
240444,0,2017,1,"Jr. Mobile Developer",12/11/2017,5,5,5,10505,35,2017-12-31
240471,0,2017,1,"Data Scientist",11/22/2017,5,5,5,11035,55,2017-11-30
240570,1,2018,1,NULL,5/30/2018,5,4,NULL,10761,108,2018-05-31
240700,1,2018,1,"Data Scientist",11/9/2018,5,5,5,11035,55,2018-11-30
240777,0,2018,1,"Software Engineer",4/3/2019,5,5,4,10505,35,2019-04-30
240913,0,0,0,Statistician,3/22/2017,5,5,5,10683,159,2017-03-31
240915,0,2017,1,"Data Scientist",8/15/2017,4,5,3,10761,159,2017-08-31
240943,0,2017,1,NULL,12/20/2017,3,3,NULL,10761,159,2017-12-31
240992,0,2018,1,"Sr. UI/UX Designer, Software Developer",5/18/2018,5,5,5,10505,35,2018-05-31
241022,0,2017,1,"Web Developer",12/22/2017,5,5,5,10505,35,2017-12-31
241033,0,2018,1,NULL,11/17/2018,5,5,5,10505,35,2018-11-30
241072,1,2018,1,NULL,11/17/2018,5,5,5,10505,144,2018-11-30
241090,1,2017,1,NULL,12/26/2017,4,4,NULL,10761,159,2017-12-31
241118,0,2017,1,NULL,6/2/2018,5,5,5,11035,55,2018-06-30
241158,0,2018,1,NULL,11/17/2018,5,5,5,10505,35,2018-11-30
241456,1,2017,1,"Associate business and financial analyst ",2/22/2018,4,4,4,10761,96,2018-02-28
241558,1,2018,1,NULL,1/25/2019,5,5,5,11035,55,2019-01-31
241624,1,2017,1,NULL,1/12/2018,4,4,5,10505,100,2018-01-31
241642,0,2018,1,Analyst,6/6/2018,4,4,5,10761,96,2018-06-30
241656,0,2017,1,Developer,12/20/2017,5,5,5,10505,35,2017-12-31
241662,0,2017,1,"Data Scientist Freelancer ",10/30/2017,4,5,3,10683,159,2017-10-31
241714,0,2017,1,NULL,1/15/2018,5,NULL,NULL,10505,35,2018-01-31
241736,0,2016,1,"Program manager",5/7/2018,5,4,4,10761,96,2018-05-31
241744,0,2018,1,NULL,6/19/2018,4,4,3,10571,159,2018-06-30
241759,0,2017,1,MS,1/17/2018,5,5,5,10683,159,2018-01-31
241766,0,2018,1,NULL,1/17/2018,5,5,5,10517,90,2018-01-31
241916,1,2017,1,NULL,1/28/2018,5,5,NULL,10505,35,2018-01-31
241942,0,2017,1,"Consultant ",1/24/2018,5,5,5,10698,107,2018-01-31
241950,0,2017,1,"Innovation Program Designer",7/17/2017,5,5,5,10698,107,2017-07-31
242026,0,2017,1,"Programmer Apprentice",1/28/2018,5,5,5,10505,35,2018-01-31
242027,0,2017,1,NULL,1/28/2018,5,4,4,10505,35,2018-01-31
242028,0,2018,1,"Web Developer",1/28/2018,5,5,5,10505,35,2018-01-31
242029,0,2018,0,NULL,1/28/2018,5,5,5,10505,35,2018-01-31
242031,0,2017,1,NULL,1/28/2018,5,5,5,10505,35,2018-01-31
242062,0,2017,1,"AI Engineer",2/2/2018,5,5,5,10761,159,2018-02-28
242101,1,2017,1,NULL,2/21/2018,5,5,NULL,10761,96,2018-02-28
242108,1,2017,1,"Sales Operations Analyst",2/21/2018,4,4,4,10761,96,2018-02-28
242112,1,2017,1,NULL,2/2/2018,5,4,5,10761,159,2018-02-28
242114,0,2016,1,NULL,2/21/2018,5,5,2,10761,159,2018-02-28
242175,0,2018,1,"Account Executive",2/5/2018,5,5,5,10517,90,2018-02-28
242180,0,2017,1,NULL,12/14/2018,5,5,5,11035,55,2018-12-31
242199,1,2015,1,"Product Manager",2/21/2018,4,4,NULL,10761,108,2018-02-28
242227,0,2017,1,"Web developer",2/8/2018,5,5,5,10505,35,2018-02-28
242232,0,2018,1,NULL,2/21/2018,5,5,NULL,10761,108,2018-02-28
242275,0,2017,1,"Research Scientist",2/9/2018,5,5,5,11035,55,2018-02-28
242293,0,2018,1,"Instructional Designer",2/11/2018,5,4,5,10505,35,2018-02-28
242294,0,2017,1,NULL,2/11/2018,4,4,2,10505,100,2018-02-28
242295,0,2017,1,"Junior developer",2/11/2018,5,5,3,10505,100,2018-02-28
242296,0,2017,1,NULL,2/11/2018,5,5,5,10505,35,2018-02-28
242301,0,2017,1,NULL,2/12/2018,5,5,NULL,10505,100,2018-02-28
242353,0,2016,1,NULL,2/21/2018,1,1,1,10761,108,2018-02-28
242374,1,2016,1,NULL,2/21/2018,5,5,NULL,10761,108,2018-02-28
242469,1,2017,1,NULL,2/21/2018,4,3,5,10761,96,2018-02-28
242479,0,2016,1,"Director of Online and Blended Learning",2/21/2018,3,4,2,10761,108,2018-02-28
242480,0,2017,1,NULL,2/21/2018,4,4,NULL,10761,96,2018-02-28
242484,1,2017,1,Student,2/21/2018,4,4,2,10761,159,2018-02-28
242488,0,2016,1,Designer,2/21/2018,5,5,3,10761,108,2018-02-28
242494,1,2017,1,"Channel Consultant",2/21/2018,3,2,4,10761,96,2018-02-28
242508,0,2017,1,Founder,2/21/2018,5,5,5,10761,96,2018-02-28
242518,0,2016,1,"Data Strategist",2/21/2018,4,5,3,10761,96,2018-02-28
242519,0,2017,1,"Graphic Designer",2/21/2018,5,5,4,10761,108,2018-02-28
242526,1,2015,1,"Data Scientist",2/21/2018,4,4,1,10761,159,2018-02-28
242528,0,2015,1,NULL,2/21/2018,5,5,5,10761,108,2018-02-28
242530,1,2015,1,"Technical Project Manager",2/21/2018,3,5,NULL,10761,108,2018-02-28
242544,0,2016,1,NULL,2/21/2018,5,5,2,10761,159,2018-02-28
242545,0,2016,1,NULL,2/21/2018,5,5,2,10761,159,2018-02-28
242548,0,2016,1,"Senior Technical Data Analyst",2/21/2018,4,4,NULL,10761,159,2018-02-28
242557,1,2017,1,"Product Marketing Specialist",2/21/2018,3,4,2,10761,96,2018-02-28
242560,0,2018,1,NULL,4/16/2018,5,4,1,10761,96,2018-04-30
242569,0,2017,1,NULL,2/21/2018,5,5,4,10761,159,2018-02-28
242575,0,2017,1,NULL,2/21/2018,3,3,1,10761,159,2018-02-28
242584,1,2017,1,"Data Analyst and Academic Coordinator",2/21/2018,5,5,4,10761,96,2018-02-28
242589,0,2015,1,"Head of Client Success",2/21/2018,5,5,3,10761,108,2018-02-28
242612,1,2014,1,"Director of Growth Marketing",2/21/2018,5,5,NULL,10761,108,2018-02-28
242614,1,2017,1,"UX Designer",2/22/2018,3,2,4,10761,108,2018-02-28
242621,0,2017,1,Sole-Proprietor,2/22/2018,5,5,5,10761,96,2018-02-28
242661,0,2017,1,Marketing,2/23/2018,4,4,3,10761,159,2018-02-28
242698,0,2018,1,"UX/UI Designer",12/4/2018,5,5,3,10697,3,2018-12-31
242700,1,2017,1,"Graphic Designer",8/4/2017,5,5,5,10761,108,2017-08-31
242746,0,2017,1,"Data Analyst",2/26/2018,4,5,3,10761,159,2018-02-28
242816,1,2017,1,"Web Designer",9/15/2017,2,2,1,10761,108,2017-09-30
242851,0,2017,1,NULL,7/2/2018,5,5,NULL,11035,106,2018-07-31
242920,0,2018,1,"Service and Experience design Consultant ",3/7/2018,5,5,5,10698,107,2018-03-31
243003,0,2017,1,President,3/10/2018,5,5,NULL,10761,96,2018-03-31
243084,1,2015,1,"Marketing Manager",3/14/2018,5,5,3,10761,108,2018-03-31
243123,0,2017,1,NULL,3/15/2018,5,5,5,11035,55,2018-03-31
243184,0,2017,1,Student,3/18/2018,4,4,4,11035,55,2018-03-31
243225,0,2018,1,"Solution Architect",4/18/2018,5,5,NULL,10761,108,2018-04-30
243230,0,2018,1,"Customer Experience Specialist",10/26/2018,5,5,5,10698,107,2018-10-31
243232,0,2017,1,"Data Scientist",3/20/2018,5,5,5,11035,55,2018-03-31
243253,0,2016,1,NULL,1/17/2017,5,5,NULL,10683,159,2017-01-31
243254,0,2018,1,"Senior Data Scientist",3/21/2018,4,4,4,11035,55,2018-03-31
243297,0,2016,1,"Analytics Lead",1/11/2017,5,5,3,10683,159,2017-01-31
243321,1,2017,1,NULL,3/25/2018,5,5,NULL,10761,159,2018-03-31
243346,0,2018,1,"Management Consultant ",3/26/2018,4,4,NULL,10761,96,2018-03-31
243370,0,2018,1,NULL,3/28/2018,5,4,NULL,10517,90,2018-03-31
243371,1,2017,1,"Class and Workshop Producer",3/28/2018,5,5,NULL,10761,108,2018-03-31
243408,0,2018,1,NULL,4/19/2018,5,4,NULL,10761,159,2018-04-30
243445,0,2018,1,NULL,3/30/2018,5,5,4,10505,35,2018-03-31
243446,0,2018,1,"Web Developer",3/30/2018,5,5,5,10505,35,2018-03-31
243448,0,2018,1,Trader,3/30/2018,5,4,5,10505,35,2018-03-31
243449,0,2018,1,NULL,3/30/2018,4,5,4,11035,55,2018-03-31
243453,0,2017,1,"Web Developer",3/30/2018,5,5,4,10505,35,2018-03-31
243515,0,2016,1,"Data Analyst",4/10/2017,5,5,5,10683,159,2017-04-30
243541,1,2018,1,NULL,6/3/2018,5,5,NULL,10517,90,2018-06-30
243553,0,2018,1,"Product Architect",10/26/2018,5,5,5,10698,107,2018-10-31
243572,0,2016,1,NULL,4/6/2017,4,4,2,10761,159,2017-04-30
243573,0,2017,1,"Data Analyst",8/22/2017,5,5,5,10683,159,2017-08-31
243710,0,2018,1,"Sr Analyst",6/14/2018,5,5,NULL,11035,106,2018-06-30
243884,1,2017,1,"Accounting Technician",2/21/2018,4,4,NULL,10761,96,2018-02-28
243891,1,2018,1,NULL,12/21/2018,5,5,5,10505,35,2018-12-31
243943,0,2018,1,NULL,12/21/2018,5,5,5,10505,100,2018-12-31
244063,0,2018,1,"Python Engineer - Machine Learning",8/22/2018,5,5,5,11035,55,2018-08-31
244187,0,2018,1,"Web Developer",7/22/2018,5,5,NULL,10505,35,2018-07-31
244215,0,2018,1,NULL,9/23/2018,5,5,NULL,10517,90,2018-09-30
244220,1,2018,1,"Data Analyst",9/5/2018,4,4,4,10761,96,2018-09-30
244297,0,2017,1,NULL,6/3/2018,5,5,5,11035,55,2018-06-30
244340,1,2018,1,NULL,8/1/2018,3,3,1,10761,159,2018-08-31
244360,0,2018,1,NULL,1/22/2019,5,5,5,10505,35,2019-01-31
244429,1,2018,1,student,8/8/2018,4,3,2,10517,90,2018-08-31
244544,0,2017,1,NULL,1/12/2017,5,5,3,10683,159,2017-01-31
244555,1,2018,1,NULL,8/21/2018,5,5,5,10517,90,2018-08-31
244563,0,2016,1,"Junior Data Scientist",2/28/2017,5,5,5,10683,159,2017-02-28
244569,0,2017,1,"Tactical planner",3/23/2017,5,5,5,10683,159,2017-03-31
244570,0,2017,1,"Software Engineer",3/27/2017,5,5,4,10683,159,2017-03-31
244578,0,2017,1,"Mechatronics Engineer",1/18/2017,5,5,5,10683,159,2017-01-31
244592,0,2017,1,Student,1/12/2017,5,5,NULL,10683,159,2017-01-31
244594,0,2017,1,"Research scientist",4/11/2017,5,5,3,10683,159,2017-04-30
244613,0,2017,1,"Software developer",2/28/2017,5,5,2,10683,159,2017-02-28
244619,0,2016,1,Physicist,1/25/2017,5,5,5,10683,159,2017-01-31
244638,0,0,0,NULL,1/27/2017,5,5,5,10683,159,2017-01-31
244649,0,2016,1,"Market and Digital Analyst ",3/20/2017,5,4,4,10683,159,2017-03-31
244650,0,2017,1,Geophysicist,2/27/2017,5,4,3,10683,159,2017-02-28
244651,0,2017,1,"Data Analyst",3/17/2017,5,5,NULL,10683,159,2017-03-31
244653,0,2017,1,"Aspiring data scientist",3/15/2017,5,5,5,10683,159,2017-03-31
244659,0,2017,1,NULL,1/28/2017,5,5,NULL,10683,159,2017-01-31
244665,0,2016,1,"Aviation performance engineer",2/27/2017,5,5,5,10683,159,2017-02-28
244666,0,2017,1,Consultant,2/27/2017,5,5,5,10683,159,2017-02-28
244667,0,2017,1,"M.S. Student",3/10/2017,5,5,3,10683,159,2017-03-31
244668,0,0,0,NULL,3/6/2017,5,5,3,10683,159,2017-03-31
244671,0,2015,1,Founder,8/22/2016,5,5,2,10761,159,2016-08-31
244681,0,2017,1,Ingeniero,1/11/2017,5,5,4,10683,159,2017-01-31
244682,0,0,0,NULL,1/11/2017,5,5,NULL,10683,159,2017-01-31
244688,0,2017,1,NULL,3/8/2017,5,5,5,10683,159,2017-03-31
244691,0,2017,1,Musician,1/30/2017,5,5,2,10683,159,2017-01-31
244692,0,2017,1,Analyst,2/13/2017,5,5,3,10683,159,2017-02-28
244693,0,2017,1,NULL,2/13/2017,5,5,5,10683,159,2017-02-28
244694,0,2017,1,"Fintech coder and financial trader",4/4/2017,5,5,4,10683,159,2017-04-30
244696,0,2017,1,NULL,1/25/2017,5,5,5,10683,159,2017-01-31
244697,0,2017,1,NULL,1/24/2017,5,5,NULL,10683,159,2017-01-31
244699,0,2017,1,NULL,3/17/2017,5,5,NULL,10683,159,2017-03-31
244700,0,2017,1,"Data Analyst",3/10/2017,5,5,4,10683,159,2017-03-31
244703,0,2017,1,NULL,2/6/2017,5,5,4,10683,159,2017-02-28
244704,0,2016,1,NULL,2/7/2017,5,5,5,10683,159,2017-02-28
244709,0,2016,1,"Data scientist",2/20/2017,5,5,4,10683,159,2017-02-28
244710,0,2017,1,"Technical Project Manager",2/24/2017,5,5,5,10683,159,2017-02-28
244714,0,2017,1,NULL,3/3/2017,5,4,4,10683,159,2017-03-31
244715,0,2017,1,Student,3/1/2017,5,5,5,10683,159,2017-03-31
244716,0,2017,1,NULL,3/7/2017,5,5,5,10683,159,2017-03-31
244717,0,0,0,NULL,3/6/2017,5,5,NULL,10683,159,2017-03-31
244718,0,2017,1,NULL,3/22/2017,5,5,5,10683,159,2017-03-31
244722,0,0,0,NULL,2/20/2017,5,5,5,10683,159,2017-02-28
244723,0,2017,1,"Undergraduate Researcher (Bioinformatics)",3/20/2017,5,5,NULL,10683,159,2017-03-31
244724,0,2017,1,Developer,3/20/2017,5,5,5,10683,159,2017-03-31
244726,0,2016,1,"Digital Marketing Associate",4/6/2017,4,4,3,10761,159,2017-04-30
244730,0,0,0,NULL,4/5/2017,5,5,5,10683,159,2017-04-30
244732,0,2017,1,NULL,4/6/2017,5,5,5,10683,159,2017-04-30
244733,0,2017,1,"Business Intelligence Architect",4/10/2017,5,5,NULL,10683,159,2017-04-30
244739,0,2017,1,"Data Analyst at Waze",4/13/2017,5,5,5,10683,159,2017-04-30
244741,0,2017,1,NULL,7/5/2017,5,5,5,10683,159,2017-07-31
244746,0,2017,1,"Data Science Enthusiast",5/2/2017,5,5,5,10683,159,2017-05-31
244747,0,2017,1,"Maintenance Technician",5/11/2017,5,4,3,10683,159,2017-05-31
244748,0,2017,1,"Operations Analyst",6/21/2017,5,5,4,10683,159,2017-06-30
244750,0,2017,1,NULL,7/5/2017,5,5,5,10683,159,2017-07-31
244751,0,2017,1,"Data Scientist",7/11/2017,5,5,5,10683,159,2017-07-31
244752,0,2016,1,Engineer,7/12/2017,5,5,5,10683,159,2017-07-31
244753,0,2017,1,Physician,9/7/2017,5,5,5,10683,159,2017-09-30
244757,1,2017,1,"Electrical Engineering Technician",7/24/2017,5,5,5,10683,159,2017-07-31
244758,0,2017,1,NULL,7/31/2017,5,5,5,10683,159,2017-07-31
244759,0,2017,1,"Data Scientist",8/7/2017,5,5,5,10683,159,2017-08-31
244760,1,2017,1,NULL,8/17/2017,5,5,5,10683,159,2017-08-31
244773,0,2015,1,"Data Analyst",4/5/2017,1,2,1,10761,159,2017-04-30
244782,0,2018,1,"Risk Consultant",1/12/2018,5,5,3,10683,159,2018-01-31
244785,1,2017,1,NULL,1/17/2018,5,5,5,10683,159,2018-01-31
244795,0,2018,1,NULL,7/11/2018,4,5,1,10683,159,2018-07-31
244818,0,2018,1,NULL,9/6/2018,5,4,NULL,10517,90,2018-09-30
244860,0,2018,1,"Director ",9/20/2018,5,5,4,10761,108,2018-09-30
244866,0,2018,1,NULL,9/20/2018,5,3,1,10517,90,2018-09-30
244868,1,2018,1,"Senior Research Associate",8/26/2018,2,2,2,10761,159,2018-08-31
244905,1,2018,1,"Machine Learning Engineer",11/8/2018,4,4,3,11035,55,2018-11-30
244963,0,2018,1,Designer,10/10/2018,5,5,5,10697,78,2018-10-31
244965,0,2017,1,"Sr Data Scientist",11/9/2018,5,5,4,11035,55,2018-11-30
244975,0,2018,1,"English Teacher",12/16/2018,5,5,5,10517,90,2018-12-31
244976,1,2019,0,student,1/1/2019,4,4,4,10517,90,2019-01-31
245185,0,2018,1,NULL,4/25/2019,5,4,5,11035,63,2019-04-30
245216,0,2018,1,NULL,10/10/2018,5,5,NULL,10697,71,2018-10-31
245223,0,2018,1,"Front End Developer",10/10/2018,4,4,NULL,10697,3,2018-10-31
245287,0,2018,1,NULL,11/17/2018,5,5,5,10505,35,2018-11-30
245292,1,2018,1,NULL,8/16/2018,5,4,5,11035,55,2018-08-31
245315,0,2018,1,"Support Lead",11/10/2018,5,5,5,11035,106,2018-11-30
245337,1,2018,1,NULL,10/5/2018,3,5,1,10571,159,2018-10-31
245382,0,2019,1," Reliability Engineer",2/1/2019,5,4,5,10683,109,2019-02-28
245425,1,2018,1,Consultant,1/2/2019,5,4,5,11035,55,2019-01-31
245430,0,2018,1,"Content Project Manager",10/24/2018,5,5,5,10697,71,2018-10-31
245466,0,2018,1,"Systems Analyst",1/3/2019,5,5,5,11035,55,2019-01-31
245477,0,2018,1,NULL,1/26/2019,5,5,5,11035,55,2019-01-31
245519,0,2018,1,NULL,11/17/2018,5,5,5,10505,144,2018-11-30
245534,0,2018,1,NULL,12/18/2018,5,5,5,11035,55,2018-12-31
245626,0,2018,1,NULL,11/15/2018,4,5,3,11035,55,2018-11-30
245631,0,2018,1,"Sr/ Software Engineer",11/12/2018,5,5,5,11035,55,2018-11-30
245637,0,2018,1,"Data Scientist",11/10/2018,5,5,5,11035,55,2018-11-30
245645,0,2017,1,NULL,11/10/2018,4,3,5,11035,55,2018-11-30
245666,0,2019,0,"Data Analyst Assistant",1/19/2019,5,5,5,10683,109,2019-01-31
245667,0,2019,1,NULL,3/29/2019,5,5,5,10505,100,2019-03-31
245677,1,2018,1,"data scientist",1/3/2019,5,5,5,10683,109,2019-01-31
245694,0,2018,1,NULL,11/16/2018,5,5,NULL,10505,100,2018-11-30
245697,0,2017,1,NULL,11/12/2018,4,4,4,11035,55,2018-11-30
245738,1,2018,1,NULL,11/16/2018,5,5,5,10505,100,2018-11-30
245752,0,2018,1,NULL,11/16/2018,5,5,5,10505,100,2018-11-30
245760,0,2018,1,"Software Developer",11/17/2018,5,5,4,10505,35,2018-11-30
245761,0,2018,1,NULL,11/18/2018,5,5,4,10505,35,2018-11-30
245762,0,2018,1,"HR Manager",11/18/2018,5,5,5,10571,96,2018-11-30
245763,1,2018,1,"VP, Product Management",11/19/2018,4,4,NULL,10761,159,2018-11-30
245766,1,2018,1,"Data Analyst",11/19/2018,5,5,4,10571,159,2018-11-30
245878,0,2018,1,NULL,12/9/2018,5,5,5,11035,55,2018-12-31
245881,1,2019,1,"Data Analyst",1/27/2019,5,5,NULL,10683,64,2019-01-31
245916,0,2019,1,NULL,1/27/2019,5,5,NULL,10517,90,2019-01-31
245918,0,2019,1,"Software Developer",4/1/2019,5,5,5,10505,144,2019-04-30
245925,0,2018,1,"Senior Network Engineer",12/4/2018,5,5,NULL,10517,90,2018-12-31
245938,0,2019,1,"Software Engineer",3/30/2019,5,5,1,10683,109,2019-03-31
245941,1,2018,1,"UI / UX Designer",12/3/2018,5,5,NULL,10761,108,2018-12-31
245964,0,2018,1,NULL,12/5/2018,4,4,5,11035,55,2018-12-31
245981,0,2018,1,NULL,12/5/2018,5,5,5,10697,71,2018-12-31
246041,0,2018,1,"Office Manager",12/7/2018,5,5,5,10697,3,2018-12-31
246078,0,2018,1,"Data Analyst",12/10/2018,5,5,5,11035,55,2018-12-31
246091,0,2018,1,"Security Analytics Engineer",1/9/2019,5,4,5,11035,55,2019-01-31
246109,0,2018,1,NULL,12/21/2018,5,5,NULL,10505,35,2018-12-31
246114,0,2018,1,NULL,12/21/2018,5,5,5,10505,100,2018-12-31
246124,1,2018,1,NULL,12/21/2018,5,4,5,10505,100,2018-12-31
246133,1,2017,1,"Cognitive Analyst",12/19/2018,5,5,4,11035,55,2018-12-31
246156,0,2018,1,NULL,12/21/2018,5,5,4,10505,100,2018-12-31
246159,0,2019,1,"eCommerce Product Manager",4/4/2019,5,5,5,11150,69,2019-04-30
246198,1,2018,1,NULL,12/21/2018,5,5,NULL,10505,144,2018-12-31
246199,1,2018,1,"Software Dev.",12/21/2018,5,4,4,10505,144,2018-12-31
246200,0,2017,1,"Sys Admin",12/21/2018,5,5,5,10505,100,2018-12-31
246232,0,2019,1,NULL,1/20/2019,5,5,3,10683,109,2019-01-31
246241,0,2018,1,"User Research",1/11/2019,5,5,5,10697,3,2019-01-31
246264,0,2019,1,"Systems Analyst",1/10/2019,4,4,3,11035,55,2019-01-31
246352,1,2018,1,Economist,1/17/2019,5,5,5,11035,55,2019-01-31
246393,0,2019,1,"Systems Analyst",1/22/2019,5,5,NULL,10683,109,2019-01-31
246430,1,2019,1,NULL,1/15/2019,5,5,5,10683,109,2019-01-31
246448,1,2018,1,"Product Analytics Manager",1/16/2019,3,3,NULL,10761,159,2019-01-31
246453,0,2018,1,Principal,1/16/2019,5,5,NULL,10683,109,2019-01-31
246474,0,2017,1,NULL,1/18/2019,5,5,NULL,11035,55,2019-01-31
246569,0,2019,1,"Software Engineer",3/31/2019,5,5,5,10697,71,2019-03-31
246609,1,2019,1,NULL,2/5/2019,5,5,NULL,10697,71,2019-02-28
246653,1,2018,1,"Data Scientist",1/29/2019,4,3,3,11035,55,2019-01-31
246660,1,2019,1,Analyst,4/8/2019,5,5,NULL,10683,109,2019-04-30
246663,0,2019,1,NULL,1/29/2019,5,5,5,10683,109,2019-01-31
246668,1,2018,1,NULL,1/31/2019,5,5,4,11035,63,2019-01-31
246727,0,2018,1,"IT Service Desk",2/11/2019,5,4,1,11035,63,2019-02-28
246875,0,2018,1,NULL,2/14/2019,5,4,5,11035,55,2019-02-28
246895,0,2018,1,"Data Analytics Manager",3/20/2019,5,5,5,11035,55,2019-03-31
246898,0,2018,1,"Project Manager",2/19/2019,5,5,5,11035,55,2019-02-28
246901,1,2019,1,NULL,3/29/2019,5,5,5,10505,144,2019-03-31
246913,0,2019,1,"Software Developer",3/29/2019,5,5,5,10505,144,2019-03-31
246954,0,2019,1,NULL,3/29/2019,5,5,5,10505,144,2019-03-31
246959,0,2019,1,NULL,3/29/2019,5,5,5,10505,144,2019-03-31
246969,0,2018,1,NULL,2/26/2019,4,4,4,11035,55,2019-02-28
246988,0,2018,1,"Data Analyst",2/22/2019,4,5,4,11035,55,2019-02-28
246998,0,2018,1,"Data Analyst",12/11/2018,5,4,4,11035,55,2018-12-31
247016,1,2019,1,"Freelance Graphic Designer",3/2/2019,5,4,1,10697,3,2019-03-31
247027,0,2019,1,"UI/Graphic Designer",3/6/2019,5,5,5,10697,78,2019-03-31
247053,1,2019,1,NULL,4/1/2019,5,5,NULL,10697,71,2019-04-30
247071,0,2018,1,"Data Scientist",12/28/2018,5,4,5,11035,55,2018-12-31
247113,0,2019,1,NULL,3/26/2019,5,4,5,11035,55,2019-03-31
247118,1,2019,1,Student,3/4/2019,5,5,3,10697,71,2019-03-31
247127,1,2018,1,"Manager, Credit Risk",3/4/2019,5,5,NULL,10683,109,2019-03-31
247128,0,2019,1,"Math Club Coach and Teacher Assistant at RISE Academy",1/29/2019,5,5,NULL,10683,109,2019-01-31
247129,1,2018,1,"Software dev",1/10/2019,5,5,5,10683,109,2019-01-31
247136,1,2018,1,NULL,3/14/2019,5,4,5,11150,69,2019-03-31
247158,1,2019,1,"marketing associate",3/15/2019,4,4,3,11035,63,2019-03-31
247209,0,2018,1,NULL,3/29/2019,5,5,5,10505,100,2019-03-31
247275,0,2018,1,"Senior Data Management and Analytics ",3/19/2019,5,5,5,11035,55,2019-03-31
247300,0,2018,1,NULL,3/15/2019,4,5,3,11035,63,2019-03-31
247303,0,2019,1,NULL,3/19/2019,5,5,NULL,10683,109,2019-03-31
247308,0,2019,1,"Manager, Project Delivery",3/18/2019,4,5,NULL,10571,159,2019-03-31
247377,0,2019,1,NULL,3/22/2019,5,5,5,11035,55,2019-03-31
247379,0,2019,1,"Senior Django Instructor",3/23/2019,5,5,NULL,10683,109,2019-03-31
247410,0,2019,1,"IT Consultant",3/26/2019,5,5,5,10683,109,2019-03-31
247428,1,2019,1,NULL,3/29/2019,5,5,5,10505,144,2019-03-31
247437,1,2019,1,"Software Engineer ",3/29/2019,5,5,5,10505,144,2019-03-31
247441,0,2019,1,NULL,3/29/2019,4,4,4,10505,100,2019-03-31
247449,0,2019,1,"Software Developer",3/29/2019,5,5,5,10505,144,2019-03-31
247450,0,2019,1,"Software Developer",3/29/2019,5,5,5,10505,144,2019-03-31
247453,0,2019,1,"Software Dev graduate",3/29/2019,5,5,5,10505,100,2019-03-31
247459,1,2019,0,Researcher,3/31/2019,4,4,3,11035,55,2019-03-31
247479,0,2018,1,"Operations Analyst",3/26/2019,2,2,1,10761,96,2019-03-31
247484,0,2018,1,NULL,4/1/2019,4,3,5,11035,55,2019-04-30
247498,1,2017,1,NULL,4/3/2019,4,3,3,11035,55,2019-04-30
247516,1,2018,1,NULL,4/4/2019,4,5,5,11035,55,2019-04-30
247524,0,2019,1,"Strategist ",4/4/2019,5,5,5,10571,96,2019-04-30
247564,0,2019,1,Consultant,4/8/2019,5,5,NULL,10571,96,2019-04-30
247566,0,2019,1,"DataQuest.io Student",4/11/2019,5,5,NULL,10683,109,2019-04-30
247581,0,2019,1,NULL,4/11/2019,1,2,1,10761,159,2019-04-30
247601,0,2019,1,"Account Manager, Amnet Group (programmatic media)",4/11/2019,1,1,1,10761,96,2019-04-30
247606,0,2019,1,"Electrical &amp; Computer Engineer",4/10/2019,5,5,5,10683,109,2019-04-30
247610,1,2019,1,NULL,4/12/2019,2,1,1,10761,159,2019-04-30
247617,1,2019,1,"Insight Analyst",4/10/2019,4,4,5,10761,159,2019-04-30
247651,0,2019,1,"Program Associate ",4/12/2019,5,5,2,10571,96,2019-04-30
247812,0,2018,1,"Team Lead Data Analysis",4/23/2019,5,5,NULL,10683,109,2019-04-30
247814,0,2018,1,"Data Scientist",4/26/2019,5,5,5,11035,55,2019-04-30
250419,0,2018,1,"UX Designer",6/27/2019,5,5,5,11035,63,2019-06-30
250449,0,2019,1,"Structural Engineer",7/1/2019,5,5,4,11035,55,2019-07-31
250488,1,2019,1,NULL,5/26/2019,5,5,NULL,10683,64,2019-05-31
250498,0,2019,1,"Data Scientist",7/3/2019,5,5,5,11035,55,2019-07-31
250517,0,2019,1,Student,6/3/2019,5,5,5,10683,109,2019-06-30
250572,0,2019,1,"Retired Chemical Engineer",7/6/2019,4,4,NULL,10683,109,2019-07-31
250573,0,2019,1,NULL,7/6/2019,5,5,NULL,10517,90,2019-07-31
250591,1,2019,1,NULL,6/1/2019,5,5,NULL,10683,109,2019-06-30
250599,0,2018,1,"Hydro Tech",7/8/2019,5,5,5,10683,64,2019-07-31
250625,1,2019,1,"Director FP&amp;A &amp; Payment Operations",7/9/2019,5,5,NULL,10683,109,2019-07-31
250651,0,2018,1,"UX Design",7/10/2019,5,5,5,11035,63,2019-07-31
250663,0,2019,1,NULL,7/11/2019,5,5,NULL,10683,109,2019-07-31
250691,0,2018,1,"UX Designer",7/12/2019,5,4,5,11035,63,2019-07-31
250696,0,2018,1,NULL,7/12/2019,5,5,5,11035,63,2019-07-31
250698,1,2019,1,NULL,7/13/2019,5,5,NULL,10683,109,2019-07-31
250714,0,2019,1,"Systems Analyst IV",7/14/2019,5,5,5,10683,109,2019-07-31
250758,0,2019,1,NULL,7/15/2019,5,5,5,10683,109,2019-07-31
250767,0,2019,1,Estudiante,7/16/2019,5,5,NULL,10698,107,2019-07-31
250777,0,2019,1,"Project Manager",5/9/2019,5,5,NULL,10517,90,2019-05-31
250778,1,2019,1,NULL,7/16/2019,5,5,5,10683,109,2019-07-31
250779,0,2019,1,NULL,5/8/2019,5,4,5,11035,55,2019-05-31
250795,1,2019,1,"Project Manager ",7/16/2019,5,5,4,11150,69,2019-07-31
250802,0,2019,1,NULL,5/9/2019,4,4,3,11035,63,2019-05-31
250855,0,2019,1,NULL,5/3/2019,5,5,5,10697,71,2019-05-31
250857,0,2018,1,caseworker,7/10/2019,5,5,5,11035,55,2019-07-31
250861,0,2018,1,NULL,5/22/2019,5,5,5,11035,55,2019-05-31
250863,0,2018,1,NULL,5/1/2019,5,5,5,11035,55,2019-05-31
250867,1,2018,1,NULL,6/4/2019,4,4,5,11035,55,2019-06-30
250885,0,2019,1,"UX Designer",7/18/2019,5,5,5,11035,63,2019-07-31
250887,0,2019,1,"Data Science Specialist",7/18/2019,4,5,NULL,10683,109,2019-07-31
250910,1,2019,1,NULL,5/12/2019,1,1,NULL,10697,71,2019-05-31
250914,0,2018,1,NULL,5/31/2019,1,3,1,11035,106,2019-05-31
250926,0,2019,1,NULL,6/10/2019,5,5,NULL,10683,109,2019-06-30
250928,0,2019,1,NULL,4/28/2019,5,4,4,11035,55,2019-04-30
250940,0,2018,1,"Data Analyst",4/30/2019,5,5,5,11035,55,2019-04-30
250947,0,2019,1,"Art Director",5/6/2019,5,5,NULL,10697,3,2019-05-31
250953,0,2019,1,NULL,5/10/2019,5,5,5,10505,35,2019-05-31
250958,1,2019,1,"data scientist",5/2/2019,5,5,5,11035,55,2019-05-31
250973,0,2019,1,"Data Analyst",5/10/2019,5,5,5,10505,144,2019-05-31
250994,1,2018,1,NULL,5/6/2019,3,3,3,11035,55,2019-05-31
251000,0,2019,1,NULL,5/10/2019,5,5,5,10505,35,2019-05-31
251019,0,2018,1,NULL,5/7/2019,4,4,4,11035,55,2019-05-31
251024,1,2019,1,NULL,5/10/2019,5,5,5,10505,35,2019-05-31
251042,0,2019,1,NULL,5/8/2019,5,5,5,11035,55,2019-05-31
251047,0,2019,1,"Product Designer",5/9/2019,5,4,4,11035,63,2019-05-31
251053,0,2019,1,NULL,5/10/2019,5,5,4,10505,35,2019-05-31
251060,1,2019,1,NULL,5/10/2019,5,5,5,10505,35,2019-05-31
251098,1,2019,1,"Data Research Analyst",6/4/2019,5,5,NULL,10683,109,2019-06-30
251100,0,2018,1,"Data Scientist",5/13/2019,5,5,5,11035,55,2019-05-31
251117,0,2018,1,"Business Data Analyst",5/14/2019,4,4,5,11035,55,2019-05-31
251130,0,2019,1,NULL,6/11/2019,5,4,NULL,10683,64,2019-06-30
251136,1,2019,1,NULL,5/14/2019,4,4,NULL,10697,71,2019-05-31
251142,0,2019,1,NULL,5/15/2019,4,4,5,10505,100,2019-05-31
251149,1,2019,1,"Software Engineer",5/15/2019,5,5,5,10505,144,2019-05-31
251171,0,2019,1,"Technical Architect",5/16/2019,4,5,NULL,10761,159,2019-05-31
251180,1,2019,1,NULL,5/15/2019,5,5,5,10505,100,2019-05-31
251181,0,2019,1,NULL,5/15/2019,5,5,5,10505,100,2019-05-31
251218,1,2019,1,"Data analyst",5/17/2019,5,5,NULL,10683,109,2019-05-31
251233,0,2018,1,"UX Designer",5/17/2019,5,5,5,11035,63,2019-05-31
251236,0,2019,0,"Data Analyst",5/22/2019,4,4,4,11035,55,2019-05-31
251253,0,2019,1,NULL,5/24/2019,5,5,5,11035,55,2019-05-31
251267,0,2019,1,Astronomer,5/28/2019,5,5,5,10683,109,2019-05-31
251275,0,2019,1,Astronomer,5/28/2019,5,5,5,10683,109,2019-05-31
251279,0,2019,1,NULL,6/17/2019,4,4,1,11035,106,2019-06-30
251280,1,2019,1,NULL,5/28/2019,5,5,5,10683,64,2019-05-31
251284,0,2019,1,NULL,6/17/2019,4,4,NULL,10683,109,2019-06-30
251298,1,2019,1,NULL,5/25/2019,3,2,NULL,10697,3,2019-05-31
251308,0,2018,1,NULL,5/20/2019,4,4,5,11035,55,2019-05-31
251327,1,2019,1,NULL,6/14/2019,4,4,NULL,10683,109,2019-06-30
251329,0,2019,1,Student,5/27/2019,5,5,NULL,10683,64,2019-05-31
251370,0,2018,1,"Manager,  Information Delivery",6/29/2019,5,5,5,11035,55,2019-06-30
251429,0,2018,1,Sales,6/7/2019,4,4,3,11035,55,2019-06-30
251437,0,2019,1,mjryan413@gmail.com,6/7/2019,4,4,NULL,10761,96,2019-06-30
251442,0,2019,1,"Looking for a design job.",6/4/2019,5,5,4,10697,71,2019-06-30
251511,0,2018,1,"Data Analyst, Applied Statistician",6/10/2019,5,5,4,11035,55,2019-06-30
251560,0,2018,1,"UX Designer",6/17/2019,5,5,5,11035,63,2019-06-30
251563,0,2019,1,NULL,6/18/2019,5,5,NULL,10517,90,2019-06-30
251568,0,2018,1,"Junior Data Scientist",6/17/2019,5,5,5,11035,55,2019-06-30
251611,0,2018,1,"Senior data scientist",6/21/2019,4,4,4,11035,55,2019-06-30
251639,0,2019,1,Scientist,6/26/2019,5,4,5,11035,55,2019-06-30
251663,0,2019,1,NULL,6/27/2019,5,4,NULL,11035,55,2019-06-30
252452,0,2019,1,"UX Designer",8/11/2019,5,5,NULL,11035,63,2019-08-31
252471,0,2019,1,NULL,7/23/2019,5,5,5,10683,109,2019-07-31
252765,1,2019,1,"Master's degree student",7/26/2019,5,5,5,10683,109,2019-07-31
252767,0,2019,1,"Looking for work",8/5/2019,4,4,4,11035,55,2019-08-31
252774,0,2019,1,"UX Designer",8/5/2019,5,5,5,11035,63,2019-08-31
252784,0,2019,1,NULL,7/26/2019,5,5,5,11035,133,2019-07-31
252797,0,2019,1,"Business intelligence analyst ",8/12/2019,5,5,5,10683,109,2019-08-31
252860,0,2019,1,Designer,8/6/2019,5,4,NULL,10697,3,2019-08-31
252887,0,2018,1,NULL,7/29/2019,5,5,5,11035,55,2019-07-31
252908,0,2018,1,NULL,7/29/2019,5,4,5,11035,55,2019-07-31
252938,0,2019,1,"Software engineer, data analyst (retired)",8/7/2019,5,5,NULL,10683,109,2019-08-31
252956,1,2019,1,"Data Science Intern",7/29/2019,4,4,NULL,11035,55,2019-07-31
253028,1,2019,1,NULL,8/13/2019,5,4,NULL,10683,64,2019-08-31
253036,1,2019,1,NULL,8/13/2019,4,4,NULL,10683,109,2019-08-31
253044,0,2019,1,NULL,8/7/2019,5,5,NULL,10683,64,2019-08-31
253063,0,2019,1,NULL,8/8/2019,5,5,4,10697,71,2019-08-31
253076,0,2018,1,"Machine Learning Engineer",8/13/2019,5,5,5,11035,55,2019-08-31
253098,1,2019,1,NULL,8/1/2019,5,5,NULL,10683,109,2019-08-31
253101,0,2019,1,"UX Designer",8/8/2019,5,4,5,11035,63,2019-08-31
253103,1,2019,1,"Data Engineer",7/18/2019,4,4,5,11035,55,2019-07-31
253109,0,2019,1,"Product Designer",8/8/2019,5,5,5,11035,63,2019-08-31
253196,0,2018,1,NULL,7/19/2019,5,4,5,11035,63,2019-07-31
253235,0,2018,1,NULL,8/7/2019,2,1,3,11035,55,2019-08-31
253237,0,2018,1,"Director of Digital Media",8/3/2019,4,4,NULL,11035,63,2019-08-31
253250,0,2019,1,"Supply Chain Systems Analyst",8/8/2019,5,5,5,10683,64,2019-08-31
253264,0,2019,1,"Test automation developer",7/20/2019,5,5,5,10683,109,2019-07-31
254008,0,2019,0,NULL,9/5/2019,5,5,5,10505,100,2019-09-30
254010,0,2019,0,NULL,9/5/2019,5,5,5,10505,100,2019-09-30
254012,0,2019,0,NULL,9/5/2019,5,5,5,10505,100,2019-09-30
255294,0,2019,0,NULL,9/26/2019,5,5,5,10643,132,2019-09-30
255374,0,2019,1,NULL,9/27/2019,4,4,3,10683,109,2019-09-30
255777,0,2019,1,NULL,9/30/2019,5,5,5,10683,109,2019-09-30
255782,0,2019,0,NULL,9/30/2019,5,5,5,11035,106,2019-09-30
255904,0,2019,0,NULL,10/1/2019,5,5,5,11150,69,2019-10-31
255910,0,2019,1,NULL,10/1/2019,5,5,5,11150,69,2019-10-31
255920,0,2019,0,NULL,10/1/2019,4,4,4,11035,151,2019-10-31
256046,0,2019,0,NULL,10/3/2019,5,5,5,11035,166,2019-10-31
256276,0,2019,0,NULL,10/9/2019,5,5,5,11035,55,2019-10-31
256315,0,2018,0,NULL,10/10/2019,5,5,5,11118,1,2019-10-31
256322,0,2018,0,NULL,10/10/2019,5,5,5,11118,1,2019-10-31
256323,0,2019,0,NULL,10/10/2019,5,5,5,11118,1,2019-10-31
256328,0,2017,0,NULL,10/10/2019,5,5,4,11118,1,2019-10-31
256345,0,2018,0,NULL,10/10/2019,4,4,4,11118,1,2019-10-31
256347,0,2016,1,NULL,10/10/2019,5,5,5,11118,1,2019-10-31
256364,0,2017,0,NULL,10/10/2019,5,5,5,11118,1,2019-10-31
256382,0,2019,1,NULL,10/10/2019,5,5,5,11118,1,2019-10-31
256407,0,2018,0,NULL,10/11/2019,5,5,3,11118,1,2019-10-31
256415,0,2017,0,NULL,10/11/2019,5,5,5,11118,1,2019-10-31
256420,0,2018,0,NULL,10/11/2019,5,4,4,11118,1,2019-10-31
256431,0,2018,0,NULL,10/11/2019,5,4,4,11118,1,2019-10-31
256438,0,2018,0,NULL,10/11/2019,5,5,3,11118,1,2019-10-31
256440,0,2018,0,NULL,10/11/2019,4,4,4,11118,1,2019-10-31
256449,0,2019,0,NULL,10/11/2019,4,5,5,11118,1,2019-10-31
256452,0,2018,0,NULL,10/11/2019,4,4,4,11118,1,2019-10-31
256453,0,2018,0,NULL,10/11/2019,5,5,5,11118,1,2019-10-31
256457,0,2018,0,NULL,10/11/2019,5,5,4,11118,1,2019-10-31
256458,0,2018,0,NULL,10/11/2019,5,5,4,11118,1,2019-10-31
256463,0,2018,0,NULL,10/11/2019,5,5,5,11118,1,2019-10-31
256468,0,2018,0,NULL,10/11/2019,2,4,3,11118,1,2019-10-31
256471,0,2019,0,NULL,10/11/2019,5,5,3,11118,1,2019-10-31
256477,0,2018,0,NULL,10/11/2019,5,5,5,11118,1,2019-10-31
256485,0,2019,0,NULL,10/11/2019,5,5,5,11118,1,2019-10-31
256497,0,2018,0,NULL,10/11/2019,5,5,5,11118,1,2019-10-31
256500,0,2018,0,NULL,10/11/2019,5,5,5,11118,1,2019-10-31
256504,0,2018,0,NULL,10/11/2019,5,5,5,11118,1,2019-10-31
256522,0,2017,0,NULL,10/11/2019,5,5,4,11118,1,2019-10-31
256531,0,2019,0,NULL,10/11/2019,4,5,3,11118,1,2019-10-31
256537,0,2017,0,NULL,10/11/2019,5,5,3,11118,1,2019-10-31
256545,0,2019,0,NULL,10/11/2019,3,4,2,11118,1,2019-10-31
256547,0,2017,0,NULL,10/11/2019,5,5,5,11118,1,2019-10-31
256548,0,2018,0,NULL,10/11/2019,5,5,5,11118,1,2019-10-31
256551,0,2018,0,NULL,10/11/2019,5,4,3,11118,1,2019-10-31
256553,0,2019,0,NULL,10/11/2019,3,3,3,11118,1,2019-10-31
256562,0,2018,0,NULL,10/11/2019,5,5,5,11118,1,2019-10-31
256568,0,2018,0,NULL,10/11/2019,4,5,3,11118,1,2019-10-31
256572,0,2018,0,NULL,10/11/2019,5,5,5,11118,1,2019-10-31
256576,0,2019,0,NULL,10/11/2019,5,4,5,11118,1,2019-10-31
256583,0,2018,0,NULL,10/11/2019,5,5,5,11118,1,2019-10-31
256587,0,2016,0,NULL,10/11/2019,5,5,5,11118,1,2019-10-31
256588,0,2019,1,NULL,10/11/2019,4,5,3,11118,1,2019-10-31
256593,0,2019,1,NULL,10/11/2019,4,4,1,11118,1,2019-10-31
256607,0,2018,0,NULL,10/11/2019,5,5,3,11118,1,2019-10-31
256610,0,2019,0,NULL,10/11/2019,5,5,3,11118,1,2019-10-31
256619,0,2018,0,NULL,10/11/2019,5,5,5,11118,1,2019-10-31
256631,0,2018,0,NULL,10/11/2019,5,5,5,11118,1,2019-10-31
256644,0,2019,0,NULL,10/11/2019,5,5,5,11118,164,2019-10-31
256648,0,2017,0,NULL,10/11/2019,5,5,5,11118,1,2019-10-31
256651,0,2018,0,NULL,10/11/2019,4,4,5,11118,1,2019-10-31
256652,0,2016,0,NULL,10/11/2019,4,4,3,11118,1,2019-10-31
256654,0,2018,0,NULL,10/11/2019,5,4,2,11118,1,2019-10-31
256673,0,2019,0,NULL,10/11/2019,4,4,4,11118,1,2019-10-31
256692,0,2015,0,NULL,10/11/2019,4,5,3,11118,1,2019-10-31
256693,0,2017,0,NULL,10/11/2019,5,5,5,11118,1,2019-10-31
256695,0,2019,0,NULL,10/11/2019,5,5,4,11118,1,2019-10-31
256699,0,2019,0,NULL,10/11/2019,3,4,4,11118,1,2019-10-31
256702,0,2018,0,NULL,10/11/2019,5,5,3,11118,1,2019-10-31
256716,0,2018,0,NULL,10/11/2019,5,5,5,11118,1,2019-10-31
256725,0,2019,0,NULL,10/11/2019,4,5,3,11118,1,2019-10-31
256732,0,2018,0,NULL,10/11/2019,4,5,2,11118,1,2019-10-31
256743,0,2019,0,NULL,10/11/2019,5,5,4,11118,1,2019-10-31
256749,0,2018,0,NULL,10/11/2019,4,4,4,11118,1,2019-10-31
256759,0,2016,0,NULL,10/11/2019,5,5,5,11118,1,2019-10-31
256763,0,2017,0,NULL,10/11/2019,5,5,5,11118,1,2019-10-31
256769,0,2018,0,NULL,10/11/2019,5,5,5,11118,1,2019-10-31
256776,0,2019,0,NULL,10/11/2019,5,5,5,11118,1,2019-10-31
256796,0,2017,0,NULL,10/11/2019,5,5,5,11118,1,2019-10-31
256818,0,2018,0,NULL,10/11/2019,5,5,3,11118,1,2019-10-31
256822,0,2018,0,NULL,10/11/2019,5,5,3,11118,1,2019-10-31
256830,0,2018,0,NULL,10/11/2019,5,5,5,11118,1,2019-10-31
256835,0,2019,0,NULL,10/11/2019,5,5,4,11118,1,2019-10-31
256849,0,2018,0,NULL,10/11/2019,5,5,3,11118,1,2019-10-31
256853,0,2018,0,NULL,10/11/2019,4,4,4,11118,1,2019-10-31
256857,0,2019,0,NULL,10/11/2019,5,5,2,11118,1,2019-10-31
256861,0,2018,0,NULL,10/11/2019,4,5,1,11118,1,2019-10-31
256866,0,2018,0,NULL,10/11/2019,4,3,3,11118,1,2019-10-31
256880,0,2018,0,NULL,10/11/2019,5,5,5,11118,1,2019-10-31
256883,0,2019,0,NULL,10/11/2019,4,4,3,11118,1,2019-10-31
256907,0,2018,0,NULL,10/11/2019,5,5,5,11118,1,2019-10-31
256910,0,2018,0,NULL,10/11/2019,4,4,4,11118,1,2019-10-31
256938,0,2019,0,NULL,10/11/2019,5,5,3,11118,1,2019-10-31
256950,0,2019,0,NULL,10/11/2019,2,3,4,11118,1,2019-10-31
256959,0,2018,0,NULL,10/11/2019,3,4,3,11118,1,2019-10-31
256968,0,2018,1,NULL,10/11/2019,5,5,2,11118,1,2019-10-31
256972,0,2018,0,NULL,10/11/2019,5,4,4,11118,1,2019-10-31
256975,0,2019,0,NULL,10/11/2019,5,5,5,11118,1,2019-10-31
256988,0,2018,0,NULL,10/11/2019,5,5,5,11118,1,2019-10-31
256994,0,2018,0,NULL,10/11/2019,5,5,5,11118,1,2019-10-31
257000,0,2018,0,NULL,10/11/2019,5,5,5,11118,1,2019-10-31
257011,0,2017,0,NULL,10/11/2019,4,5,4,11118,1,2019-10-31
257027,0,2017,0,NULL,10/11/2019,4,4,4,11118,1,2019-10-31
257033,0,2018,0,NULL,10/11/2019,5,5,5,11118,1,2019-10-31
257034,0,2018,0,NULL,10/11/2019,4,5,4,11118,1,2019-10-31
257035,0,2018,0,NULL,10/11/2019,5,4,3,11118,1,2019-10-31
257041,0,2018,0,NULL,10/11/2019,5,5,5,11118,1,2019-10-31
257051,0,2019,0,NULL,10/11/2019,4,5,3,11118,1,2019-10-31
257058,0,2019,0,NULL,10/11/2019,5,5,4,11118,1,2019-10-31
257066,0,2018,0,NULL,10/11/2019,5,5,3,11118,1,2019-10-31
257068,0,2018,0,NULL,10/11/2019,5,5,4,11118,1,2019-10-31
257079,0,2018,0,NULL,10/11/2019,5,5,5,11118,1,2019-10-31
257101,0,2019,0,NULL,10/11/2019,5,5,5,11118,1,2019-10-31
257103,0,2018,0,NULL,10/11/2019,5,5,5,11118,1,2019-10-31
257106,0,2018,0,NULL,10/11/2019,5,5,5,11118,1,2019-10-31
257119,0,2018,0,NULL,10/11/2019,5,5,5,11118,1,2019-10-31
257124,0,2018,0,NULL,10/11/2019,4,4,3,11118,1,2019-10-31
257132,0,2016,0,NULL,10/11/2019,5,4,4,11118,1,2019-10-31
257134,0,2018,0,NULL,10/11/2019,4,4,3,11118,1,2019-10-31
257146,0,2016,0,NULL,10/11/2019,5,5,4,11118,1,2019-10-31
257155,0,2019,0,NULL,10/11/2019,5,4,5,11118,1,2019-10-31
257160,0,2018,0,NULL,10/11/2019,5,4,4,11118,1,2019-10-31
257161,0,2019,0,NULL,10/11/2019,4,4,2,11118,1,2019-10-31
257174,0,2018,0,NULL,10/11/2019,5,5,5,11118,1,2019-10-31
257183,0,2019,0,NULL,10/11/2019,5,5,2,11118,1,2019-10-31
257192,0,2018,0,NULL,10/11/2019,5,5,5,11118,1,2019-10-31
257195,0,2017,0,NULL,10/11/2019,5,5,4,11118,1,2019-10-31
257196,0,2017,1,NULL,10/11/2019,5,5,3,11118,1,2019-10-31
257201,0,2018,0,NULL,10/11/2019,5,5,4,11118,1,2019-10-31
257220,0,2018,0,NULL,10/11/2019,5,4,4,11118,1,2019-10-31
257247,0,2016,0,NULL,10/11/2019,3,2,4,11118,1,2019-10-31
257251,0,2018,0,NULL,10/11/2019,5,5,5,11118,1,2019-10-31
257263,0,2018,0,NULL,10/11/2019,4,3,5,11118,1,2019-10-31
257289,0,2018,0,NULL,10/11/2019,5,5,5,11118,1,2019-10-31
257300,0,2016,0,NULL,10/11/2019,5,5,4,11118,1,2019-10-31
257305,0,2018,0,NULL,10/11/2019,5,5,4,11118,1,2019-10-31
257314,0,2017,0,NULL,10/12/2019,3,5,2,11118,1,2019-10-31
257352,0,2017,0,NULL,10/12/2019,4,5,3,11118,1,2019-10-31
257354,0,2018,0,NULL,10/12/2019,5,5,5,11118,1,2019-10-31
257367,0,2017,0,NULL,10/12/2019,5,5,5,11118,1,2019-10-31
257371,0,2018,0,NULL,10/12/2019,5,5,5,11118,1,2019-10-31
257378,0,2019,0,NULL,10/12/2019,4,4,3,11118,1,2019-10-31
257380,0,2018,0,NULL,10/12/2019,4,4,3,11118,1,2019-10-31
257382,0,2018,0,NULL,10/12/2019,5,5,2,11118,1,2019-10-31
257392,0,2017,0,NULL,10/12/2019,5,5,5,11118,1,2019-10-31
257395,0,2018,0,NULL,10/12/2019,5,5,3,11118,1,2019-10-31
257412,0,2018,0,NULL,10/12/2019,5,5,3,11118,1,2019-10-31
257413,0,2018,0,NULL,10/12/2019,4,5,5,11118,1,2019-10-31
257417,0,2018,0,NULL,10/12/2019,4,3,4,11118,1,2019-10-31
257421,0,2018,0,NULL,10/12/2019,5,5,4,11118,1,2019-10-31
257423,0,2018,0,NULL,10/12/2019,4,3,5,11118,1,2019-10-31
257431,0,2018,0,NULL,10/12/2019,5,5,5,11118,1,2019-10-31
257435,0,2016,0,NULL,10/12/2019,4,4,4,11118,1,2019-10-31
257447,0,2017,0,NULL,10/12/2019,5,5,5,11118,1,2019-10-31
257450,0,2018,0,NULL,10/12/2019,5,5,3,11118,1,2019-10-31
257458,0,2018,0,NULL,10/12/2019,5,5,5,11118,1,2019-10-31
257460,0,2018,0,NULL,10/12/2019,5,5,3,11118,1,2019-10-31
257467,0,2017,0,NULL,10/12/2019,5,5,5,11118,1,2019-10-31
257478,0,2018,0,NULL,10/13/2019,5,3,4,11118,1,2019-10-31
257480,0,2019,0,NULL,10/13/2019,5,5,5,11118,1,2019-10-31
257482,0,2018,0,NULL,10/13/2019,4,4,4,11118,1,2019-10-31
257489,0,2017,0,NULL,10/13/2019,5,5,2,11118,1,2019-10-31
257491,0,2017,0,NULL,10/13/2019,5,5,5,11118,1,2019-10-31
257493,0,2019,0,NULL,10/13/2019,5,5,3,11118,1,2019-10-31
257498,0,2019,0,NULL,10/13/2019,4,4,3,11118,1,2019-10-31
257500,0,2017,0,NULL,10/13/2019,5,5,5,11118,1,2019-10-31
257506,0,2018,0,NULL,10/13/2019,4,5,4,11118,1,2019-10-31
257509,0,2018,0,NULL,10/13/2019,5,5,4,11118,1,2019-10-31
257514,0,2018,0,NULL,10/13/2019,5,5,5,11118,1,2019-10-31
257516,0,2018,0,NULL,10/13/2019,4,4,5,11118,1,2019-10-31
257518,0,2019,0,NULL,10/13/2019,5,5,5,11118,1,2019-10-31
257521,0,2018,0,NULL,10/13/2019,5,4,4,11118,1,2019-10-31
257524,0,2018,0,NULL,10/13/2019,3,3,3,11118,1,2019-10-31
257529,0,2018,0,NULL,10/13/2019,5,5,3,11118,1,2019-10-31
257540,0,2017,0,NULL,10/13/2019,5,5,4,11118,1,2019-10-31
257541,0,2018,0,NULL,10/13/2019,5,5,5,11118,1,2019-10-31
257564,0,2018,0,NULL,10/14/2019,4,4,3,11118,1,2019-10-31
257567,0,2017,0,NULL,10/14/2019,5,5,5,11118,1,2019-10-31
257579,0,2018,0,NULL,10/14/2019,4,5,2,11118,1,2019-10-31
257583,0,2018,0,NULL,10/14/2019,5,5,3,11118,1,2019-10-31
257589,0,2017,0,NULL,10/14/2019,5,5,4,11118,1,2019-10-31
257592,0,2018,1,NULL,10/14/2019,5,4,4,11118,1,2019-10-31
257713,0,2019,0,NULL,10/15/2019,4,5,3,11118,62,2019-10-31
257718,0,2018,0,NULL,10/15/2019,4,4,4,11118,102,2019-10-31
257738,0,2018,0,NULL,10/16/2019,5,5,5,11118,9,2019-10-31
257754,0,2019,0,NULL,10/16/2019,5,5,5,11150,69,2019-10-31
257873,0,2019,0,NULL,10/20/2019,5,5,2,11118,62,2019-10-31
257880,0,2019,0,NULL,10/20/2019,5,5,5,11118,164,2019-10-31
257909,0,2019,0,NULL,10/21/2019,5,5,5,11035,166,2019-10-31
257963,0,2019,0,NULL,10/22/2019,5,3,5,11118,164,2019-10-31
258003,0,2019,0,NULL,10/23/2019,5,5,5,11118,164,2019-10-31
258014,0,2017,0,NULL,10/23/2019,5,5,5,11118,150,2019-10-31
258067,0,2019,0,NULL,10/24/2019,5,5,5,11118,164,2019-10-31
258068,0,2019,0,NULL,10/24/2019,5,5,5,11035,55,2019-10-31
258086,0,2019,1,NULL,10/24/2019,5,5,4,11035,166,2019-10-31
258105,0,2019,0,NULL,10/24/2019,5,5,5,11035,55,2019-10-31
258120,0,2018,0,NULL,10/25/2019,5,5,5,11118,62,2019-10-31
258165,0,2019,0,NULL,10/26/2019,5,5,4,11035,55,2019-10-31
258188,0,2018,0,NULL,10/28/2019,5,4,4,11118,164,2019-10-31
258199,0,2019,0,NULL,10/28/2019,4,4,3,11035,166,2019-10-31
258238,0,2019,0,NULL,10/29/2019,5,5,5,11035,55,2019-10-31
258275,0,2019,1,NULL,10/30/2019,4,4,4,11035,55,2019-10-31
258278,0,2019,0,NULL,10/30/2019,4,4,4,11118,164,2019-10-31
258288,0,2018,0,NULL,10/31/2019,4,4,2,11118,164,2019-10-31
258321,0,2019,0,NULL,11/1/2019,5,4,5,11035,166,2019-11-30
258339,0,2019,1,NULL,11/1/2019,5,5,5,11035,166,2019-11-30
258397,0,2019,0,NULL,11/4/2019,5,4,1,11035,63,2019-11-30
258467,0,2019,0,NULL,11/6/2019,5,5,1,11035,166,2019-11-30
258503,0,2019,0,NULL,11/7/2019,5,4,5,10571,96,2019-11-30
258568,0,2019,1,NULL,11/8/2019,5,5,5,11118,164,2019-11-30
258614,0,2019,0,NULL,11/10/2019,5,5,5,11035,55,2019-11-30
258649,1,2019,0,NULL,11/11/2019,5,5,5,10697,59,2019-11-30
258664,1,2019,0,NULL,11/11/2019,5,5,5,10761,96,2019-11-30
258737,0,2019,0,NULL,11/13/2019,5,5,5,10761,108,2019-11-30
258777,0,2019,0,NULL,11/14/2019,5,5,5,11035,63,2019-11-30
258786,0,2019,0,NULL,11/14/2019,5,5,4,10505,100,2019-11-30
258806,0,2019,0,NULL,11/15/2019,5,5,5,11150,69,2019-11-30
258809,0,2019,0,NULL,11/15/2019,5,5,5,10828,170,2019-11-30
258810,0,2019,0,NULL,11/15/2019,5,5,3,11150,69,2019-11-30
258811,1,2019,0,NULL,11/15/2019,5,5,5,10505,144,2019-11-30
258812,0,2019,0,NULL,11/15/2019,5,5,5,10505,144,2019-11-30
258863,0,2019,0,NULL,11/18/2019,5,5,4,11150,69,2019-11-30
258869,1,2019,0,NULL,11/18/2019,4,5,5,10505,100,2019-11-30
258871,0,2019,0,NULL,11/18/2019,5,5,5,10828,170,2019-11-30
258872,0,2019,0,NULL,11/18/2019,5,5,5,11035,55,2019-11-30
258889,0,2019,0,NULL,11/19/2019,4,4,4,11035,55,2019-11-30
258899,0,2019,0,NULL,11/19/2019,5,5,5,10828,16,2019-11-30
258924,0,2019,0,NULL,11/19/2019,5,5,5,11035,63,2019-11-30
258959,0,2019,1,NULL,11/20/2019,5,4,2,11035,55,2019-11-30
258965,0,2019,0,NULL,11/20/2019,5,5,5,11035,151,2019-11-30
258967,0,2019,0,NULL,11/20/2019,5,5,5,10828,16,2019-11-30
258981,1,2019,0,NULL,11/21/2019,5,5,5,11035,63,2019-11-30
259136,1,2019,0,NULL,11/22/2019,5,5,5,10643,132,2019-11-30
259144,0,2019,0,NULL,11/23/2019,5,4,4,10828,170,2019-11-30
259211,0,2019,0,NULL,11/25/2019,5,2,5,11035,55,2019-11-30
259264,1,2019,0,NULL,11/26/2019,5,5,5,11118,9,2019-11-30
259285,1,2019,0,NULL,11/27/2019,3,3,1,10828,16,2019-11-30
259299,0,2019,0,NULL,11/27/2019,4,4,3,11035,151,2019-11-30
259317,0,2019,1,NULL,11/28/2019,5,5,4,11118,111,2019-11-30
259443,0,2019,0,NULL,12/3/2019,5,4,5,10828,16,2019-12-31
259508,0,2019,0,NULL,12/4/2019,5,5,5,11035,63,2019-12-31
259559,0,2019,0,NULL,12/6/2019,5,4,5,11225,111,2019-12-31
259578,1,2019,0,NULL,12/6/2019,2,3,2,10697,59,2019-12-31
259586,0,2019,1,NULL,12/7/2019,5,5,5,11035,63,2019-12-31
259596,1,2019,1,NULL,12/7/2019,2,4,3,10683,109,2019-12-31
259637,0,2019,0,NULL,12/9/2019,5,5,4,11035,63,2019-12-31
259659,0,2019,0,NULL,12/10/2019,5,5,5,10643,132,2019-12-31
259672,0,2019,0,NULL,12/10/2019,5,5,5,11150,69,2019-12-31
259682,0,2019,1,NULL,12/10/2019,5,5,5,10517,90,2019-12-31
259700,1,2019,0,NULL,12/11/2019,5,5,5,11035,63,2019-12-31
259706,1,2019,0,NULL,12/11/2019,5,4,5,10697,59,2019-12-31
259732,0,2019,0,NULL,12/11/2019,4,4,4,11035,166,2019-12-31
259752,0,2019,0,NULL,12/12/2019,5,5,5,11035,63,2019-12-31
259765,0,2019,0,NULL,12/12/2019,5,5,5,10828,170,2019-12-31
259779,0,2019,0,NULL,12/12/2019,5,5,5,11035,55,2019-12-31
259803,0,2019,0,NULL,12/13/2019,5,5,5,10828,170,2019-12-31
259834,0,2019,0,NULL,12/14/2019,3,3,1,10571,96,2019-12-31
259948,0,2019,1,NULL,12/16/2019,5,5,5,11118,85,2019-12-31
259961,0,2019,0,NULL,12/17/2019,5,4,4,11225,111,2019-12-31
259987,0,2018,0,NULL,12/17/2019,5,4,3,11118,66,2019-12-31
260009,0,2019,0,NULL,12/18/2019,5,5,5,11035,63,2019-12-31
260055,1,2019,0,NULL,12/18/2019,4,5,3,10761,159,2019-12-31
260064,0,2019,1,NULL,12/18/2019,5,5,5,11118,85,2019-12-31
260078,0,2018,0,NULL,12/19/2019,4,5,4,11035,151,2019-12-31
260089,0,2019,0,NULL,12/19/2019,5,5,5,10571,96,2019-12-31
260105,0,2019,0,NULL,12/19/2019,5,5,4,11035,63,2019-12-31
260153,0,2019,0,NULL,12/20/2019,5,5,4,10571,96,2019-12-31
260154,0,2019,0,NULL,12/20/2019,5,5,4,11035,55,2019-12-31
260176,0,2019,1,NULL,12/21/2019,5,5,5,11150,69,2019-12-31
260177,0,2019,0,NULL,12/21/2019,5,5,5,11150,69,2019-12-31
260181,1,2019,0,NULL,12/21/2019,5,5,4,11150,69,2019-12-31
260182,1,2019,0,NULL,12/21/2019,5,5,4,10697,59,2019-12-31
260184,1,2016,0,NULL,12/21/2019,5,5,5,11118,92,2019-12-31
260187,0,2018,0,NULL,12/21/2019,4,4,1,11118,66,2019-12-31
260206,0,2019,0,NULL,12/22/2019,5,5,5,11035,166,2019-12-31
260222,0,2019,0,NULL,12/22/2019,5,5,5,10697,59,2019-12-31
260284,0,2019,0,NULL,12/23/2019,4,4,3,11225,111,2019-12-31
260303,0,2019,1,NULL,12/23/2019,5,5,5,11035,55,2019-12-31
260337,1,2019,0,NULL,12/24/2019,5,5,4,10697,59,2019-12-31
260348,0,2018,0,NULL,12/24/2019,4,5,4,11118,111,2019-12-31
260436,0,2019,0,NULL,12/27/2019,5,5,5,10571,159,2019-12-31
260437,0,2019,1,NULL,12/27/2019,5,5,4,11035,55,2019-12-31
260573,0,2019,0,NULL,12/30/2019,5,4,3,11035,63,2019-12-31
260599,0,2019,0,NULL,1/1/2020,5,5,5,10571,159,2020-01-31
260605,0,2019,0,NULL,1/2/2020,4,5,3,11150,69,2020-01-31
260619,0,2019,0,NULL,1/2/2020,5,5,4,11035,63,2020-01-31
260645,0,2020,0,NULL,1/3/2020,4,4,2,11035,55,2020-01-31
260658,0,2019,0,NULL,1/4/2020,5,4,5,10828,170,2020-01-31
260762,0,2019,0,NULL,1/7/2020,5,5,5,11035,166,2020-01-31
260770,1,2020,1,NULL,1/8/2020,5,5,5,11150,69,2020-01-31
260787,0,2020,0,NULL,1/8/2020,5,5,4,11035,55,2020-01-31
260794,0,2020,0,NULL,1/8/2020,5,5,5,11035,55,2020-01-31
260797,0,2020,0,NULL,1/8/2020,5,5,5,11035,151,2020-01-31
260801,0,2020,0,NULL,1/9/2020,5,5,5,11035,63,2020-01-31
260921,1,2019,0,NULL,1/12/2020,5,5,5,10761,96,2020-01-31
260947,1,2019,0,NULL,1/13/2020,4,4,3,10697,59,2020-01-31
260956,0,2020,0,NULL,1/13/2020,5,5,5,10697,71,2020-01-31
260968,0,2020,0,NULL,1/13/2020,5,5,5,11035,55,2020-01-31
261008,0,2020,0,NULL,1/14/2020,5,5,5,11035,166,2020-01-31
261022,0,2019,0,NULL,1/14/2020,5,5,3,11035,133,2020-01-31
261050,0,2020,0,NULL,1/15/2020,5,5,5,11035,63,2020-01-31
261071,0,2020,1,NULL,1/16/2020,5,5,1,10517,90,2020-01-31
261110,0,2020,0,NULL,1/16/2020,5,5,1,10517,90,2020-01-31
261118,0,2019,1,NULL,1/17/2020,1,2,1,11035,55,2020-01-31
261170,0,2020,0,NULL,1/19/2020,5,5,5,10517,90,2020-01-31
261198,0,2019,0,NULL,1/20/2020,5,5,5,10828,170,2020-01-31
261222,0,2019,0,NULL,1/21/2020,5,5,5,10828,16,2020-01-31
261226,1,2020,0,NULL,1/21/2020,5,5,5,11150,69,2020-01-31
261232,1,2019,0,NULL,1/21/2020,1,2,1,11035,151,2020-01-31
261233,0,2020,0,NULL,1/21/2020,5,4,5,11035,166,2020-01-31
261241,1,2020,0,NULL,1/22/2020,4,4,1,11150,69,2020-01-31
261247,0,2020,0,NULL,1/22/2020,4,5,3,11150,69,2020-01-31
261250,0,2019,0,NULL,1/22/2020,5,5,5,10828,170,2020-01-31
261251,0,2019,0,NULL,1/22/2020,5,5,5,10828,170,2020-01-31
261266,0,2020,0,NULL,1/22/2020,5,4,5,11035,55,2020-01-31
261271,0,2020,0,NULL,1/22/2020,5,4,5,11035,63,2020-01-31
261276,0,2019,0,NULL,1/22/2020,5,5,5,10697,59,2020-01-31
261300,0,2020,0,NULL,1/23/2020,5,5,4,11035,63,2020-01-31
261302,0,2019,0,NULL,1/23/2020,5,5,5,10505,144,2020-01-31
261310,0,2020,0,NULL,1/23/2020,5,5,5,10505,100,2020-01-31
261311,0,2020,0,NULL,1/23/2020,5,5,5,10505,100,2020-01-31
261312,0,2020,0,NULL,1/23/2020,5,5,5,10505,100,2020-01-31
261316,1,2020,0,NULL,1/23/2020,5,5,5,10505,144,2020-01-31
261317,0,2019,0,NULL,1/23/2020,5,5,5,10505,144,2020-01-31
261318,0,2020,0,NULL,1/23/2020,5,5,5,10505,35,2020-01-31
261319,0,2020,0,NULL,1/23/2020,5,5,5,10505,144,2020-01-31
261320,0,2020,0,NULL,1/23/2020,5,5,5,10505,35,2020-01-31
261321,0,2020,0,NULL,1/23/2020,5,5,5,10505,35,2020-01-31
261329,0,2020,0,NULL,1/24/2020,5,5,5,10505,144,2020-01-31
261340,0,2019,0,NULL,1/24/2020,4,5,3,10697,59,2020-01-31
261342,0,2019,0,NULL,1/24/2020,5,5,5,10697,59,2020-01-31
261346,0,2020,0,NULL,1/24/2020,4,4,3,10697,71,2020-01-31
261349,0,2019,0,NULL,1/24/2020,5,5,5,10828,170,2020-01-31
261362,0,2019,0,NULL,1/25/2020,5,4,4,11035,55,2020-01-31
261413,0,2020,0,NULL,1/27/2020,5,5,5,10505,35,2020-01-31
261425,0,2019,0,NULL,1/27/2020,5,5,5,10828,170,2020-01-31
261432,1,2019,0,NULL,1/27/2020,4,3,3,10517,90,2020-01-31
261457,0,2020,0,NULL,1/28/2020,5,5,5,11035,166,2020-01-31
261463,0,2020,0,NULL,1/28/2020,5,5,5,11035,55,2020-01-31
261466,0,2019,0,NULL,1/29/2020,5,5,5,11118,85,2020-01-31
261470,0,2019,0,NULL,1/29/2020,5,5,5,10828,16,2020-01-31
261472,1,2019,0,NULL,1/29/2020,4,4,5,10828,170,2020-01-31
261488,0,2018,0,NULL,1/29/2020,5,5,5,10828,170,2020-01-31
261509,0,2019,0,NULL,1/30/2020,5,5,5,10828,170,2020-01-31
261514,1,2019,0,NULL,1/30/2020,4,5,4,10697,59,2020-01-31
261526,0,2020,1,NULL,1/30/2020,5,5,5,11035,55,2020-01-31
261527,0,2019,0,NULL,1/30/2020,5,5,5,10828,170,2020-01-31
261539,0,2019,0,NULL,1/31/2020,5,4,4,10828,16,2020-01-31
261546,0,2019,0,NULL,1/31/2020,5,5,5,10828,170,2020-01-31
261553,0,2019,0,NULL,1/31/2020,5,5,5,10828,58,2020-01-31
261563,0,2020,0,NULL,2/1/2020,5,5,5,10697,71,2020-02-29
261577,1,2020,1,NULL,2/2/2020,5,5,5,10697,71,2020-02-29
261582,0,2019,0,NULL,2/2/2020,5,5,5,10828,170,2020-02-29
261583,0,2019,0,NULL,2/2/2020,4,5,5,10828,58,2020-02-29
261585,0,2020,0,NULL,2/3/2020,5,5,4,11150,69,2020-02-29
261586,0,2019,0,NULL,2/3/2020,5,5,5,10828,170,2020-02-29
261608,0,2020,0,NULL,2/3/2020,4,5,4,11035,63,2020-02-29
261690,0,2019,0,NULL,2/5/2020,5,5,5,10828,170,2020-02-29
261700,0,2020,0,NULL,2/5/2020,5,5,5,11035,63,2020-02-29
261706,1,2019,0,NULL,2/5/2020,4,4,3,10697,59,2020-02-29
261745,0,2020,1,NULL,2/7/2020,5,5,5,11118,148,2020-02-29
261753,0,2019,0,NULL,2/7/2020,5,4,5,10828,16,2020-02-29
261757,0,2019,0,NULL,2/7/2020,5,5,5,10828,170,2020-02-29
261771,0,2019,0,NULL,2/8/2020,5,4,3,10517,72,2020-02-29
261791,0,2020,0,NULL,2/9/2020,4,4,4,11035,166,2020-02-29
261805,1,2019,1,NULL,2/10/2020,5,5,1,10517,24,2020-02-29
261815,0,2020,0,NULL,2/10/2020,4,4,4,11035,55,2020-02-29
261830,0,2020,0,NULL,2/10/2020,5,5,5,11035,166,2020-02-29
261831,0,2020,0,NULL,2/10/2020,5,5,5,11035,63,2020-02-29
261852,1,2019,0,NULL,2/11/2020,5,5,5,10697,59,2020-02-29
261864,0,2019,0,NULL,2/11/2020,5,3,5,10828,170,2020-02-29
261866,0,2019,0,NULL,2/11/2020,5,4,5,10828,58,2020-02-29
261874,0,2020,1,NULL,2/12/2020,5,5,4,11150,69,2020-02-29
261878,0,2020,0,NULL,2/12/2020,5,5,5,11150,69,2020-02-29
261886,0,2019,0,NULL,2/12/2020,5,5,5,10828,16,2020-02-29
261892,0,2019,0,NULL,2/12/2020,5,5,5,10828,16,2020-02-29
261893,0,2020,0,NULL,2/12/2020,5,4,4,11035,55,2020-02-29
261894,0,2019,0,NULL,2/12/2020,5,5,5,10697,59,2020-02-29
261904,0,2020,0,NULL,2/13/2020,5,5,5,11150,69,2020-02-29
261931,0,2019,1,NULL,2/14/2020,5,4,1,10517,24,2020-02-29
261970,0,2019,0,NULL,2/16/2020,4,4,4,10828,16,2020-02-29
261980,0,2020,0,NULL,2/17/2020,5,4,3,11150,69,2020-02-29
261983,0,2020,0,NULL,2/17/2020,4,4,5,11035,55,2020-02-29
261984,0,2020,0,NULL,2/17/2020,5,5,5,11035,55,2020-02-29
261988,1,2020,0,NULL,2/17/2020,5,5,5,10761,96,2020-02-29
261993,0,2019,0,NULL,2/17/2020,5,5,5,10828,170,2020-02-29
262057,1,2020,0,NULL,2/20/2020,5,5,4,11150,69,2020-02-29
262068,0,2019,0,NULL,2/20/2020,4,4,5,10828,58,2020-02-29
262069,1,2020,0,NULL,2/20/2020,1,1,1,10683,109,2020-02-29
262073,0,2019,0,NULL,2/20/2020,5,5,5,10828,16,2020-02-29
262075,0,2019,0,NULL,2/20/2020,5,5,5,10828,16,2020-02-29
262099,0,2018,0,NULL,2/21/2020,5,5,5,10828,10,2020-02-29
262174,0,2019,0,NULL,2/24/2020,5,5,5,10828,170,2020-02-29
262216,1,2020,1,NULL,2/25/2020,4,4,4,11035,55,2020-02-29
262228,0,2019,0,NULL,2/25/2020,5,5,5,10828,58,2020-02-29
262232,1,2019,0,NULL,2/25/2020,5,4,5,11035,55,2020-02-29
262238,0,2019,0,NULL,2/25/2020,5,5,5,10828,170,2020-02-29
262243,0,2020,1,NULL,2/26/2020,3,4,4,11035,55,2020-02-29
262249,0,2019,0,NULL,2/26/2020,5,5,4,10697,59,2020-02-29
262307,0,2020,0,NULL,2/28/2020,5,5,3,11150,69,2020-02-29
